﻿<?xml version="1.0" encoding="UTF-8" standalone="yes"?>
<addon id="plugin.video.fnarget" name="Fnarget" version="1.0.1" provider-name="snow6oy">
  <requires>
    <import addon="xbmc.python" version="2.14.0"/>
  </requires>
  <extension point="xbmc.python.pluginsource" library="addon.py">
    <provides>video</provides>
  </extension>
  <extension point="xbmc.addon.metadata">
    <platform>all</platform>
    <summary lang="en">Fnarget exists to demonstrate the awesomeness of password-less login</summary>
    <description lang="en">Fnarget exists to demonstrate the awesomeness of password-less login</description>
    <license>GNU General Public License, v2</license>
    <language>en</language>
    <forum></forum>
    <source>https://github.com/snow6oy/plugin.video.fnarget</source>
    <website>http://www.fnarg.net</website>
    <email>snow6oy at fnarg dot net</email>
  </extension>
</addon>